25	06389		
8	978-4-10-610404-6		
8	978-4-904807-00-2		
8	978-4-905425-16-8		
8	978-4-86564-018-2		
47	978-4-907338-06-0		
35	978-4844337973		
35	978-4-297-10035-3
35	978-4046538826		
20	05827-10		
20	05827-01		
56	978-4-7741-5714-6	石島悌	
56	978-4-7898-3787-3	石島悌	
56	978-4-06-257588-1	石島悌	
56	07175	石島悌	
60	978-4-87311-865-9	安田豊	宮下健輔
44	978-4295007258	永富安和	
44	978-4297100339	永富安和	
44	978-4295006633	永富安和	
44	978-4297104382	永富安和	
44	978-4-297-10461-0	永富安和	
44	978-4-87311-875-8	永富安和	
44	978-4873118703	永富安和	
7	978-4-7981-6043-6		
7	9784297104085		
7	9784774198149		
57	978-4-87311-772-0		
23	978-4-87311-865-9		
3	08463		
15	978-4-7741-9690-9		
15	978-4-86354-284-6		
15	978-4-87311-886-4		
36	978-4-295-00764-7		
36	978-4-7981-5512-8		
36	978-4-295-00663-3		
2	978-4-87311-865-9	蛯原純	
2	978-4-297-10106-0	蛯原純	
2	978-4-7741-5464-0	蛯原純	
2	978-4-06-220563-4	蛯原純	
2	978-4-8322-7101-2	蛯原純	
2	978-4-8322-7102-9	蛯原純	
2	978-4-86559-116-3	蛯原純	
31	978-4-7973-8647-9		
9999	978-4-480-43293-3		
9999	978-4-16-790850-8		
